{"cameraMode":{"drawMode":0,"name":"Shaded","section":"Shading Mode"},"sceneLighting":true,"audioPlay":false,"sceneViewState":{"m_AlwaysRefresh":false,"showFog":true,"showSkybox":true,"showFlares":true,"showImageEffects":true,"showParticleSystems":true,"showVisualEffectGraphs":true,"m_FxEnabled":true},"in2DMode":false,"pivot":{"x":-22.96717071533203,"y":33.66783905029297,"z":12.978638648986817},"rotation":{"x":0.05676199123263359,"y":0.9431179761886597,"z":-0.23123005032539369,"w":0.23364266753196717},"size":5.466795921325684,"orthographic":false}